{
    "position": [
                3.0451138177323247,
                -6.186268940561795,
                -0.03887621746906273
            ],
            "rotation": [
                -0.002218358390446952,
                0.0012430579608016293,
                0.9999967668412522,
                -2.3155138468237197
            ]
}