{"position": [-3.532600485245453, -7.16309814664872, -0.027993954627649035], "rotation": [-0.0007556253761772299, 0.001571632241147961, 0.9999984795000387, 1.1311320102363134]}